{
    "NAVX": {
        "1d": {
            "max_gain": 0.67778513,
            "max_drop": -0.41436114
        },
        "3d": {
            "max_gain": 1.45220717,
            "max_drop": -0.44610474
        },
        "7d": {
            "max_gain": 2.58848825,
            "max_drop": -0.48394048
        }
    },
    "SUI": {
        "1d": {
            "max_gain": 0.39826888,
            "max_drop": -0.28962591
        },
        "3d": {
            "max_gain": 0.61588062,
            "max_drop": -0.41246226
        },
        "7d": {
            "max_gain": 1.08502415,
            "max_drop": -0.47721598
        }
    },
    "CETUSD": {
        "1d": {
            "max_gain": 0.56058843,
            "max_drop": -0.35407522
        },
        "3d": {
            "max_gain": 0.77774365,
            "max_drop": -0.42183009
        },
        "7d": {
            "max_gain": 1.00464549,
            "max_drop": -0.48214845
        }
    },
    "VSUI": {
        "1d": {
            "max_gain": 0.39305431,
            "max_drop": -0.19828859
        },
        "3d": {
            "max_gain": 0.60394557,
            "max_drop": -0.2874772
        },
        "7d": {
            "max_gain": 1.06068284,
            "max_drop": -0.37503373
        }
    },
    "HASUI": {
        "1d": {
            "max_gain": 0.39218298,
            "max_drop": -0.19388403
        },
        "3d": {
            "max_gain": 0.60231074,
            "max_drop": -0.28693743
        },
        "7d": {
            "max_gain": 1.07018486,
            "max_drop": -0.37215925
        }
    },
    "WETH": {
        "1d": {
            "max_gain": 0.40806892,
            "max_drop": -0.47438719
        },
        "3d": {
            "max_gain": 0.87460502,
            "max_drop": -0.56622501
        },
        "7d": {
            "max_gain": 1.72972644,
            "max_drop": -0.64561671
        }
    },
    "USDT": {
        "1d": {
            "max_gain": 0.10669112,
            "max_drop": -0.07029497
        },
        "3d": {
            "max_gain": 0.010669112,
            "max_drop": -0.07029497
        },
        "7d": {
            "max_gain": 0.010669112,
            "max_drop": -0.07029497
        }
    },
    "USDC": {
        "1d": {
            "max_gain": 0.010669112,
            "max_drop": -0.07029497
        },
        "3d": {
            "max_gain": 0.012203846,
            "max_drop": -0.014052138
        },
        "7d": {
            "max_gain": 0.01292421,
            "max_drop": -0.017466228
        }
    }
}