{
  "NAVX": {
    "1d": {
      "-0.4166": 0.00510204081632653,
      "-0.3035": 0.02295918367346939,
      "-0.1905": 0.19642857142857142,
      "-0.0774": 0.30612244897959184,
      "0.0357": 0.4030612244897959,
      "0.1487": 0.04336734693877551,
      "0.2618": 0.01020408163265306,
      "0.3749": 0.007653061224489796,
      "0.4879": 0.0,
      "0.601": 0.00510204081632653
    },
    "3d": {
      "-0.5975": 0.023195876288659795,
      "-0.3893": 0.10824742268041238,
      "-0.1811": 0.36855670103092786,
      "0.0271": 0.3865979381443299,
      "0.2353": 0.08247422680412371,
      "0.4435": 0.010309278350515464,
      "0.6517": 0.01288659793814433,
      "0.86": 0.0,
      "1.0682": 0.0,
      "1.2764": 0.007731958762886598
    },
    "7d": {
      "-0.7274": 0.06578947368421052,
      "-0.3878": 0.4342105263157895,
      "-0.0482": 0.2710526315789474,
      "0.2914": 0.1631578947368421,
      "0.631": 0.04473684210526316,
      "0.9707": 0.002631578947368421,
      "1.3103": 0.005263157894736842,
      "1.6499": 0.002631578947368421,
      "1.9895": 0.002631578947368421,
      "2.3291": 0.007894736842105263
    }
  },
  "SUI": {
    "1d": {
      "-0.3036": 0.01,
      "-0.2296": 0.023333333333333334,
      "-0.1557": 0.19333333333333333,
      "-0.0817": 0.2733333333333333,
      "-0.0078": 0.14166666666666666,
      "0.0662": 0.2783333333333333,
      "0.1401": 0.056666666666666664,
      "0.2141": 0.013333333333333334,
      "0.288": 0.0016666666666666668,
      "0.362": 0.008333333333333333
    },
    "3d": {
      "-0.4269": 0.016778523489932886,
      "-0.3097": 0.09731543624161074,
      "-0.1925": 0.35570469798657717,
      "-0.0754": 0.030201342281879196,
      "0.0418": 0.24328859060402686,
      "0.159": 0.18120805369127516,
      "0.2761": 0.053691275167785234,
      "0.3933": 0.01174496644295302,
      "0.5104": 0.0050335570469798654,
      "0.6276": 0.0050335570469798654
    },
    "7d": {
      "-0.5207": 0.0391156462585034,
      "-0.36": 0.2653061224489796,
      "-0.1993": 0.195578231292517,
      "-0.0386": 0.011904761904761904,
      "0.1222": 0.2568027210884354,
      "0.2829": 0.17346938775510204,
      "0.4436": 0.022108843537414966,
      "0.6043": 0.01020408163265306,
      "0.7651": 0.017006802721088437,
      "0.9258": 0.008503401360544218
    }
  },
  "CETUSD": {
    "1d": {
      "-0.3875": 0.013333333333333334,
      "-0.2855": 0.035,
      "-0.1835": 0.22166666666666668,
      "-0.0815": 0.23166666666666666,
      "0.0206": 0.3383333333333333,
      "0.1226": 0.11166666666666666,
      "0.2246": 0.028333333333333332,
      "0.3267": 0.006666666666666667,
      "0.4287": 0.008333333333333333,
      "0.5307": 0.005
    },
    "3d": {
      "-0.4864": 0.028523489932885907,
      "-0.3431": 0.1476510067114094,
      "-0.1997": 0.3238255033557047,
      "-0.0564": 0.031879194630872486,
      "0.087": 0.2701342281879195,
      "0.2303": 0.12416107382550336,
      "0.3737": 0.04530201342281879,
      "0.517": 0.016778523489932886,
      "0.6604": 0.010067114093959731,
      "0.8037": 0.0016778523489932886
    },
    "7d": {
      "-0.5311": 0.09013605442176871,
      "-0.3647": 0.282312925170068,
      "-0.1983": 0.12755102040816327,
      "-0.032": 0.015306122448979591,
      "0.1344": 0.19727891156462585,
      "0.3008": 0.1598639455782313,
      "0.4672": 0.05612244897959184,
      "0.6335": 0.0391156462585034,
      "0.7999": 0.022108843537414966,
      "0.9663": 0.01020408163265306
    }
  },
  "VoloSUi": {
    "1d": {
      "-0.2986": 0.0034965034965034965,
      "-0.2261": 0.01048951048951049,
      "-0.1537": 0.12937062937062938,
      "-0.0813": 0.35664335664335667,
      "-0.0089": 0.22377622377622378,
      "0.0635": 0.23426573426573427,
      "0.136": 0.027972027972027972,
      "0.2084": 0.01048951048951049,
      "0.2808": 0.0,
      "0.3532": 0.0034965034965034965
    },
    "3d": {
      "-0.3768": 0.02127659574468085,
      "-0.2787": 0.06382978723404255,
      "-0.1805": 0.3262411347517731,
      "-0.0824": 0.08865248226950355,
      "0.0158": 0.16666666666666666,
      "0.1139": 0.24468085106382978,
      "0.2121": 0.05673758865248227,
      "0.3103": 0.014184397163120567,
      "0.4084": 0.010638297872340425,
      "0.5066": 0.0070921985815602835
    },
    "7d": {
      "-0.515": 0.032846715328467155,
      "-0.3573": 0.17518248175182483,
      "-0.1996": 0.291970802919708,
      "-0.042": 0.025547445255474453,
      "0.1157": 0.3102189781021898,
      "0.2734": 0.12773722627737227,
      "0.431": 0.0072992700729927005,
      "0.5887": 0.0036496350364963502,
      "0.7464": 0.014598540145985401,
      "0.904": 0.010948905109489052
    }
  },
  "HaedalSUi": {
    "1d": {
      "-0.2956": 0.0033783783783783786,
      "-0.2241": 0.013513513513513514,
      "-0.1525": 0.13851351351351351,
      "-0.081": 0.34459459459459457,
      "-0.0095": 0.21621621621621623,
      "0.062": 0.23648648648648649,
      "0.1335": 0.030405405405405407,
      "0.2051": 0.013513513513513514,
      "0.2766": 0.0,
      "0.3481": 0.0033783783783783786
    },
    "3d": {
      "-0.3764": 0.02054794520547945,
      "-0.2784": 0.0684931506849315,
      "-0.1804": 0.3287671232876712,
      "-0.0824": 0.0821917808219178,
      "0.0156": 0.1643835616438356,
      "0.1136": 0.2363013698630137,
      "0.2116": 0.0684931506849315,
      "0.3096": 0.017123287671232876,
      "0.4076": 0.00684931506849315,
      "0.5056": 0.00684931506849315
    },
    "7d": {
      "-0.5173": 0.028169014084507043,
      "-0.3584": 0.20774647887323944,
      "-0.1995": 0.2640845070422535,
      "-0.0406": 0.02464788732394366,
      "0.1183": 0.31690140845070425,
      "0.2773": 0.12323943661971831,
      "0.4362": 0.007042253521126761,
      "0.5951": 0.0035211267605633804,
      "0.754": 0.014084507042253521,
      "0.9129": 0.01056338028169014
    }
  },
  "WETH": {
    "1d": {
      "-0.4766": 0.0008330556481172943,
      "-0.3379": 0.009163612129290236,
      "-0.1992": 0.20826391202932357,
      "-0.0604": 0.6176274575141619,
      "0.0783": 0.1481172942352549,
      "0.217": 0.012495834721759413,
      "0.3558": 0.0026657780739753416,
      "0.4945": 0.0003332222592469177,
      "0.6333": 0.00016661112962345885,
      "0.772": 0.0003332222592469177
    },
    "3d": {
      "-0.5717": 0.004501500500166723,
      "-0.3811": 0.0575191730576859,
      "-0.1904": 0.4379793264421474,
      "0.0003": 0.3966322107369123,
      "0.191": 0.08469489829943315,
      "0.3817": 0.012504168056018674,
      "0.5723": 0.004501500500166723,
      "0.763": 0.0011670556852284096,
      "0.9537": 0.00016672224074691563,
      "1.1444": 0.00033344448149383126
    },
    "7d": {
      "-0.6868": 0.017529215358931552,
      "-0.3988": 0.34123539232053424,
      "-0.1109": 0.38797996661101836,
      "0.1771": 0.21068447412353924,
      "0.4651": 0.030884808013355594,
      "0.753": 0.007345575959933222,
      "1.041": 0.002337228714524207,
      "1.329": 0.001335559265442404,
      "1.6169": 0.000333889816360601,
      "1.9049": 0.000333889816360601
    }
  },
  "WBTC": {
    "1d": {
      "-0.4766": 0.0008330556481172943,
      "-0.3379": 0.009163612129290236,
      "-0.1992": 0.20826391202932357,
      "-0.0604": 0.6176274575141619,
      "0.0783": 0.1481172942352549,
      "0.217": 0.012495834721759413,
      "0.3558": 0.0026657780739753416,
      "0.4945": 0.0003332222592469177,
      "0.6333": 0.00016661112962345885,
      "0.772": 0.0003332222592469177
    },
    "3d": {
      "-0.5717": 0.004501500500166723,
      "-0.3811": 0.0575191730576859,
      "-0.1904": 0.4379793264421474,
      "0.0003": 0.3966322107369123,
      "0.191": 0.08469489829943315,
      "0.3817": 0.012504168056018674,
      "0.5723": 0.004501500500166723,
      "0.763": 0.0011670556852284096,
      "0.9537": 0.00016672224074691563,
      "1.1444": 0.00033344448149383126
    },
    "7d": {
      "-0.6868": 0.017529215358931552,
      "-0.3988": 0.34123539232053424,